model,threshold,recall,precision,f1,f2,roc_auc,pr_auc,brier,tp,fp,fn,tn,flagged_pct
LR_tuned,0.5,0.924496644295302,0.795380728978708,0.8550921435499516,0.8954253676769318,0.9027311154481907,0.926570317566434,0.1749700455560692,2204,567,180,1118,0.6810027033669206
RF_tuned,0.5,0.9089765100671141,0.8264683447749809,0.8657610866959649,0.8911827603224215,0.9124081413179853,0.9312317237839044,0.13520951202293455,2167,455,217,1230,0.6443843696239863
CatBoost_tuned,0.5,0.8875838926174496,0.859463850528026,0.8732975650020636,0.8818136356059343,0.9208033776113755,0.9393716434691862,0.10937757951655881,2116,346,268,1339,0.6050626689604326
